{"cameraMode":{"drawMode":0,"name":"Shaded","section":"Shading Mode"},"sceneLighting":false,"audioPlay":false,"sceneViewState":{"showFog":true,"showMaterialUpdate":false,"showSkybox":false,"showFlares":true,"showImageEffects":true,"showParticleSystems":true,"showVisualEffectGraphs":true,"m_FxEnabled":true},"in2DMode":false,"pivot":{"x":-0.25607404112815859,"y":-0.3364614248275757,"z":0.13399213552474976},"rotation":{"x":0.022824537009000779,"y":0.5985577702522278,"z":-0.017061462625861169,"w":0.8005797863006592},"size":0.5902463793754578,"orthographic":true}