{"cameraMode":{"drawMode":0,"name":"Shaded","section":"Shading Mode"},"sceneLighting":false,"audioPlay":false,"sceneViewState":{"showFog":true,"showMaterialUpdate":false,"showSkybox":false,"showFlares":true,"showImageEffects":true,"showParticleSystems":true,"showVisualEffectGraphs":true,"m_FxEnabled":true},"in2DMode":false,"pivot":{"x":0.11044609546661377,"y":0.018134519457817079,"z":0.4861409664154053},"rotation":{"x":-0.04876019433140755,"y":-0.6313391923904419,"z":-0.03982710838317871,"w":0.7729474306106567},"size":0.5456268787384033,"orthographic":false}