{"cameraMode":{"drawMode":0,"name":"Shaded","section":"Shading Mode"},"sceneLighting":false,"audioPlay":false,"sceneViewState":{"showFog":true,"showMaterialUpdate":false,"showSkybox":false,"showFlares":true,"showImageEffects":true,"showParticleSystems":true,"showVisualEffectGraphs":true,"m_FxEnabled":true},"in2DMode":false,"pivot":{"x":0.7765659093856812,"y":0.08497613668441773,"z":6.9928741455078129},"rotation":{"x":0.10518538951873779,"y":-0.37827441096305849,"z":0.04331192001700401,"w":0.9186790585517883},"size":0.23646710813045503,"orthographic":false}