{"cameraMode":{"drawMode":0,"name":"Shaded","section":"Shading Mode"},"sceneLighting":false,"audioPlay":false,"sceneViewState":{"showFog":true,"showMaterialUpdate":false,"showSkybox":false,"showFlares":true,"showImageEffects":true,"showParticleSystems":true},"in2DMode":false,"pivot":{"x":2.7980141639709474,"y":-6.391821384429932,"z":6.650071620941162},"rotation":{"x":0.3561980426311493,"y":0.19549980759620667,"z":-0.07647963613271713,"w":0.9105244874954224},"size":5.882562637329102,"orthographic":false}