{"cameraMode":{"drawMode":0,"name":"Shaded","section":"Shading Mode"},"sceneLighting":false,"audioPlay":false,"sceneViewState":{"showFog":true,"showMaterialUpdate":false,"showSkybox":false,"showFlares":true,"showImageEffects":true,"showParticleSystems":true},"in2DMode":false,"pivot":{"x":3.212625503540039,"y":-1.9821088314056397,"z":-0.06489439308643341},"rotation":{"x":-0.18493197858333589,"y":-0.6882084608078003,"z":0.18819047510623933,"w":-0.6758753061294556},"size":2.9188880920410158,"orthographic":false}