{"cameraMode":{"drawMode":0,"name":"Shaded","section":"Shading Mode"},"sceneLighting":false,"audioPlay":false,"sceneViewState":{"showFog":true,"showMaterialUpdate":false,"showSkybox":true,"showFlares":true,"showImageEffects":true,"showParticleSystems":true},"in2DMode":false,"pivot":{"x":0.9194955825805664,"y":1.1524418592453004,"z":4.13343620300293},"rotation":{"x":0.09415809065103531,"y":0.06505970656871796,"z":-0.006165628787130117,"w":0.9934116005897522},"size":0.10961151123046875,"orthographic":false}