{"cameraMode":{"drawMode":0,"name":"Shaded","section":"Shading Mode"},"sceneLighting":false,"audioPlay":false,"sceneViewState":{"showFog":true,"showMaterialUpdate":false,"showSkybox":false,"showFlares":true,"showImageEffects":true,"showParticleSystems":true},"in2DMode":false,"pivot":{"x":0.7765659093856812,"y":0.08497613668441773,"z":6.9928741455078129},"rotation":{"x":-0.12056184560060501,"y":-0.3222763240337372,"z":0.04135354235768318,"w":-0.9380537867546082},"size":2.3364670276641847,"orthographic":false}