{"cameraMode":{"drawMode":0,"name":"Shaded","section":"Shading Mode"},"sceneLighting":false,"audioPlay":false,"sceneViewState":{"showFog":true,"showMaterialUpdate":false,"showSkybox":false,"showFlares":true,"showImageEffects":true,"showParticleSystems":true},"in2DMode":false,"pivot":{"x":0.1420001983642578,"y":0.0,"z":-1.8400001525878907},"rotation":{"x":-0.05101809278130531,"y":0.9212644100189209,"z":-0.12935175001621247,"w":-0.3632723391056061},"size":12.12435531616211,"orthographic":true}