{"cameraMode":{"drawMode":0,"name":"Shaded","section":"Shading Mode"},"sceneLighting":false,"audioPlay":false,"sceneViewState":{"showFog":true,"showMaterialUpdate":false,"showSkybox":false,"showFlares":true,"showImageEffects":true,"showParticleSystems":true},"in2DMode":false,"pivot":{"x":-0.11871087551116944,"y":1.1367032527923585,"z":0.768100380897522},"rotation":{"x":-0.1238686814904213,"y":0.7103391289710999,"z":-0.12926006317138673,"w":-0.6807105541229248},"size":0.017320632934570314,"orthographic":false}