{"cameraMode":{"drawMode":0,"name":"Shaded","section":"Shading Mode"},"sceneLighting":false,"audioPlay":false,"sceneViewState":{"showFog":true,"showMaterialUpdate":false,"showSkybox":false,"showFlares":true,"showImageEffects":true,"showParticleSystems":true,"showVisualEffectGraphs":true,"m_FxEnabled":true},"in2DMode":false,"pivot":{"x":-10.416642189025879,"y":0.7237685918807983,"z":-0.21661712229251862},"rotation":{"x":0.04658547788858414,"y":-0.7354333996772766,"z":0.050825607031583789,"w":0.6740804314613342},"size":3.3584530353546144,"orthographic":false}