{"cameraMode":{"drawMode":0,"name":"Shaded","section":"Shading Mode"},"sceneLighting":false,"audioPlay":false,"sceneViewState":{"showFog":true,"showMaterialUpdate":false,"showSkybox":false,"showFlares":true,"showImageEffects":true,"showParticleSystems":true,"showVisualEffectGraphs":true,"m_FxEnabled":true},"in2DMode":false,"pivot":{"x":0.13715876638889314,"y":-0.0035729389637708666,"z":-1.1610227823257447},"rotation":{"x":0.2697993516921997,"y":0.23530438542366029,"z":-0.06817074120044708,"w":0.9312365055084229},"size":0.16968278586864472,"orthographic":true}